variable,t1,t4,t8,t12
mp,0.0025,0.000312499999999999,1.95312499999998e-05,1.22070312499958e-06
r,0.0025252525252526,-0.000714747105428293,-0.00047366669755422,0.000204776956213015
