variable,t1,t4,t8,t12
mp,0.0025,0.0003125,1.95312499999999e-05,1.22070312499995e-06
r,-7.30670869262262e-05,-0.001011178853499,-0.000301026630669776,0.000242200425824235
