variable,t1,t4,t8,t12
mp,0.0025,0.000857500000000001,0.000205885749999999,4.94331685749983e-05
r,2.82857988158636e-05,-0.00076107092347355,-0.000376257923402346,0.000199076140829924
