scenario,label,rho_z,psi_z,phi_z_ds,phi_z_b,max_z2,max_debt_ratio2,max_ds2,min_fs2,min_ig2,min_kg2,min_y2,min_c2,min_pinf2,max_abs_z_gap,max_abs_debt_ratio_gap,max_abs_ds_gap,max_abs_fs_gap,max_abs_ig_gap,max_abs_kg_gap,max_abs_y_gap,max_abs_c_gap,max_abs_pinf_gap,z2_t1,z2_t4,z2_t8,z2_t12,ig2_t1,ig2_t4,ig2_t8,ig2_t12,y2_t1,y2_t4,y2_t8,y2_t12,pinf2_t1,pinf2_t4,pinf2_t8,pinf2_t12
policy_cf_no_transfer_stabilizer,No central transfer stabilizer,0,0,0,0,0,0.00884417422344397,0.00433362834848136,-0.00492924472669119,-0.00420992069236796,-0.0226707428581383,-0.00450868367981172,-0.00188071289790936,-0.00425055754919956,0,0.00765301975352615,0.00262653084574858,0.00264981769564641,0.000787839140655736,0.00949611445484422,0.000576830810973039,4.73210609946983e-05,6.21885248212051e-05,0,0,0,0,-0.00152259456826828,-0.00420992069236796,-0.00175189485118535,0.000258378374047144,-0.00397345157970175,-0.00410709530668774,-0.00141479126938326,-0.000382026230002275,-0.00425055754919956,-0.00141658401710831,-2.35909065438022e-06,0.000191996999280963
policy_cf_central_transfer_stabilizer,Central transfer stabilizer,0.7,0.2,0.05,0.02,0.00227120744401331,0.00648573578655209,0.00442495594585586,-0.00344940971062685,-0.00246828664164496,-0.0137449915330561,-0.00422878264838022,-0.00215803038413676,-0.00433988458570922,0.000293560242102281,0.00669532747763222,0.0026767784841283,0.00254365100972513,0.000434806116278025,0.00576256271654119,0.000385690759314827,2.93433060970516e-05,5.1256036750269e-05,0.00158746090412965,0.00193275975833355,0.000218825237542353,-0.000248669910542038,-0.00104585399288624,-0.00246828664164496,-0.00107958226935702,7.7830403647644e-06,-0.00408218006881145,-0.00339614656768927,-0.00119967906300411,-0.000418479825658125,-0.00433988458570922,-0.00135470610055322,-4.61501631113803e-05,0.000160132462113438
