scenario,label,psi_L,ucrit,nu,ubar1,ubar2,max_u2,max_pressure2,max_debt_ratio2,max_ds2,min_fs2,min_ig2,min_kg2,min_y2,min_c2,min_pinf2,max_abs_u_gap,max_abs_pressure_gap,max_abs_debt_ratio_gap,max_abs_ds_gap,max_abs_ig_gap,max_abs_y_gap,u2_t1,u2_t4,u2_t8,u2_t12,pressure2_t1,pressure2_t4,pressure2_t8,pressure2_t12,ig2_t1,ig2_t4,ig2_t8,ig2_t12,y2_t1,y2_t4,y2_t8,y2_t12
policy_cf_baseline,Baseline debt-limit rule,0.15,0.9,25,0.5,0.85,0.858436144671774,0.00203869297433627,0.0421164357693841,0.0183256318124789,-0.0244387764799229,-0.0181146015852629,-0.0617764456117311,-0.0321915596849444,-0.0169813641303125,-0.0178204598975047,0.0268082268522888,0.00371750299862138,0.0331898053464624,0.011019919435539,0.00146755439783235,0.0013197015065467,0.858436144671774,0.841270229443267,0.829657592336051,0.831684827651643,0.00203869297433627,-0.00178588154784254,-0.00371870525539546,-0.00341424338361066,-0.0145139003954832,-0.0105578932306943,0.000402358252155469,0.000445536587341283,-0.0321915596849444,-0.0103864145044242,2.68350689542896e-05,-0.00140673711104533
policy_cf_fiscal_discipline,Stronger debt-limit rule,0.45,0.9,25,0.5,0.85,0.858440895854941,0.00203993462882517,0.0421324057496559,0.018343028008163,-0.0244581438941597,-0.0181772727105191,-0.0617420118864738,-0.0322019400379612,-0.0169953027588464,-0.0178375783277017,0.0267046981964728,0.00367386720473962,0.0332056202356132,0.0110293529945875,0.00120698373695009,0.00110181692603106,0.858440895854941,0.841150438470803,0.829953566819325,0.832908647654973,0.00203993462882517,-0.00180828029392905,-0.00367506814026578,-0.00322401259409426,-0.014527678182465,-0.0105845512703128,0.000670536917960526,0.000726826607872086,-0.0322019400379612,-0.0104198539091345,0.000209140351824733,-0.00125457723964206
