scenario,label,phi_reg,max_r,min_r,min_yagg,min_pinfagg,inflation_l2,output_l2,sync_y_l2,sync_pinf_l2,max_abs_y_gap,max_abs_pinf_gap,max_ds2,min_fs2,min_ig2,min_kg2,min_y2,min_c2,min_pinf2,max_abs_ds_gap,max_abs_fs_gap,max_abs_ig_gap,max_abs_kg_gap,max_abs_c_gap,r_t1,r_t4,r_t8,r_t12,yagg_t1,yagg_t4,yagg_t8,yagg_t12,pinfagg_t1,pinfagg_t4,pinfagg_t8,pinfagg_t12,y_gap_t1,y_gap_t4,y_gap_t8,y_gap_t12
policy_cf_standard_taylor,Standard Taylor rule,0,0.000276613408888959,-0.000808178358260081,-0.0042767780978048,-0.0042194632867889,0.00597427299564931,0.00945124653989972,0.00212852342211271,0.000114075497317178,0.000576830810972928,6.21885248212051e-05,0.00433362834848136,-0.00492924472669119,-0.00420992069236796,-0.0226707428581383,-0.00450868367981172,-0.00188071289790936,-0.00425055754919956,0.00262653084574858,0.00264981769564641,0.000787839140655777,0.00949611445484422,4.73210609946983e-05,2.82857988158636e-05,-0.00076107092347355,-0.000376257923402346,0.000199076140829924,-0.00382159053411535,-0.00388193185529562,-0.00120944198800244,-9.93161480089544e-05,-0.0042194632867889,-0.00141216550899725,-2.88324143182805e-06,0.000189591085424379,-0.000303722091172798,-0.000450326902784459,-0.000410698562761547,-0.00056542016398653
policy_cf_regional_balance_taylor,Regional-balance Taylor rule,2,0.00107886472962093,-0.000194743737648828,-0.00351468458725057,-0.00274038642617291,0.00489764453664933,0.00780180956087274,0.00176119802547537,8.89379031279364e-05,0.000467256335864974,4.64230676540112e-05,0.00282429875459828,-0.00331083800374765,-0.0032080080673141,-0.0175644386702865,-0.00369375245043491,-0.00167903718497564,-0.00276359795999992,0.00171416529057535,0.00172650266462297,0.000628647109305422,0.00772681404159403,3.95754288723404e-05,0.000678999258081792,0.000440185680782079,0.00080263463925867,0.00107357767764138,-0.00314316190816077,-0.00319338635899069,-0.000862972675205187,0.000329704321059721,-0.00274038642617291,-0.00025843476544396,0.00103626296475001,0.00108569229958366,-0.000205237594161911,-0.000360501240275757,-0.00032463180346598,-0.000453769513848234
