scenario,label,phi_pi,irf_periods,baseline_phi_pi,welfare_national,welfare_low_debt,welfare_high_debt,welfare_ricardian,welfare_htm,cev_national_pct,cev_low_debt_pct,cev_high_debt_pct,cev_ricardian_pct,cev_htm_pct
negative_demand_phi_110,phi_pi = 1.1,1.1,40,1.5,-31.9822832977449,-31.9816454762237,-31.9829211192662,-22.3750571264189,-9.60722617132605,0.000396565009552763,0.000130896499539457,0.000662234225334846,0.00312747683207659,-0.00597527256034902
negative_demand_baseline_policy,Baseline rule: phi_pi = 1.5,1.5,40,1.5,-31.9824145717024,-31.9816888066334,-31.9831403367714,-22.3757818132958,-9.60663275840654,0,0,0,0,0
negative_demand_phi_200,phi_pi = 2.0,2,40,1.5,-31.9828777361629,-31.9820027315288,-31.983752740797,-22.3775742470191,-9.60530348914383,-0.00139915923274558,-0.00094832817135182,-0.00184998826165406,-0.0077350517274033,0.0133861512236266
negative_demand_phi_250,phi_pi = 2.5,2.5,40,1.5,-31.9832943865273,-31.9822938765997,-31.9842948964548,-22.3791373409673,-9.60415704556002,-0.00265778874109501,-0.00182783328057101,-0.00348773731321805,-0.0144799243547766,0.0249326306538067
negative_demand_strong_inflation_policy,Stronger rule: phi_pi = 3.0,3,40,1.5,-31.9836435293447,-31.9825407420791,-31.9847463166104,-22.3804243936685,-9.60321913567625,-0.00371247729356594,-0.00257357039799566,-0.00485137121772339,-0.0200333158700328,0.0343798410365914
